period,stateId,population
1970,AL,3444354
1970,AK,302583
1970,AZ,1775399
1970,AR,1923322
1970,CA,19971069
1970,CO,2209596
1970,CT,3032217
1970,DE,548104
1970,DC,756668
1970,FL,6791418
1970,GA,4587930
1970,HI,769913
1970,ID,713015
1970,IL,11110285
1970,IN,5195392
1970,IA,2825368
1970,KS,2249071
1970,KY,3220711
1970,LA,3644637
1970,ME,993722
1970,MD,3923897
1970,MA,5689170
1970,MI,8881826
1970,MN,3806103
1970,MS,2216994
1970,MO,4677623
1970,MT,694409
1970,NE,1485333
1970,NV,488738
1970,NH,737681
1970,NJ,7171112
1970,NM,1017055
1970,NY,18241391
1970,NC,5084411
1970,ND,617792
1970,OH,10657423
1970,OK,2559463
1970,OR,2091533
1970,PA,11800766
1970,RI,949723
1970,SC,2590713
1970,SD,666257
1970,TN,3926018
1970,TX,11198655
1970,UT,1059273
1970,VT,444732
1970,VA,4651448
1970,WA,3413244
1970,WV,1744237
1970,WI,4417821
1970,WY,332416
1971,AL,3497076
1971,AK,315510
1971,AZ,1895814
1971,AR,1972312
1971,CA,20345939
1971,CO,2303524
1971,CT,3060938
1971,DE,564708
1971,DC,749781
1971,FL,7158304
1971,GA,4711550
1971,HI,801644
1971,ID,738753
1971,IL,11202397
1971,IN,5253396
1971,IA,2851705
1971,KS,2246600
1971,KY,3298053
1971,LA,3710487
1971,ME,1015390
1971,MD,4018324
1971,MA,5737580
1971,MI,8974186
1971,MN,3853486
1971,MS,2265432
1971,MO,4725764
1971,MT,710814
1971,NE,1504604
1971,NV,520018
1971,NH,761851
1971,NJ,7281107
1971,NM,1053737
1971,NY,18357982
1971,NC,5203531
1971,ND,626760
1971,OH,10734818
1971,OK,2618601
1971,OR,2151022
1971,PA,11886400
1971,RI,963107
1971,SC,2662269
1971,SD,671297
1971,TN,4013608
1971,TX,11509848
1971,UT,1101192
1971,VT,454318
1971,VA,4750838
1971,WA,3447553
1971,WV,1770657
1971,WI,4462155
1971,WY,340285
1972,AL,3539400
1972,AK,324464
1972,AZ,2008291
1972,AR,2018638
1972,CA,20585469
1972,CO,2404619
1972,CT,3068699
1972,DE,572913
1972,DC,742241
1972,FL,7511463
1972,GA,4809490
1972,HI,828331
1972,ID,763237
1972,IL,11251948
1972,IN,5302435
1972,IA,2860287
1972,KS,2256375
1972,KY,3335728
1972,LA,3761646
1972,ME,1034292
1972,MD,4073499
1972,MA,5760302
1972,MI,9028944
1972,MN,3869747
1972,MS,2307117
1972,MO,4758780
1972,MT,718732
1972,NE,1519013
1972,NV,546789
1972,NH,781107
1972,NJ,7335042
1972,NM,1078697
1972,NY,18339400
1972,NC,5301150
1972,ND,631119
1972,OH,10746993
1972,OK,2658646
1972,OR,2197297
1972,PA,11908233
1972,RI,974790
1972,SC,2719197
1972,SD,677234
1972,TN,4094611
1972,TX,11759148
1972,UT,1135449
1972,VT,463143
1972,VA,4824472
1972,WA,3447885
1972,WV,1797648
1972,WI,4502412
1972,WY,347345
1973,AL,3579780
1973,AK,330543
1973,AZ,2124438
1973,AR,2059256
1973,CA,20868728
1973,CO,2495868
1973,CT,3067814
1973,DE,577759
1973,DC,731488
1973,FL,7913696
1973,GA,4910374
1973,HI,851595
1973,ID,782074
1973,IL,11251367
1973,IN,5338277
1973,IA,2863715
1973,KS,2265603
1973,KY,3371024
1973,LA,3788375
1973,ME,1045655
1973,MD,4097974
1973,MA,5781172
1973,MI,9077956
1973,MN,3889332
1973,MS,2349546
1973,MO,4782645
1973,MT,726798
1973,NE,1529567
1973,NV,568991
1973,NH,800951
1973,NJ,7333083
1973,NM,1105529
1973,NY,18177063
1973,NC,5389852
1973,ND,632675
1973,OH,10767314
1973,OK,2695931
1973,OR,2241932
1973,PA,11890527
1973,RI,975738
1973,SC,2776605
1973,SD,678715
1973,TN,4147401
1973,TX,12019543
1973,UT,1170040
1973,VT,468430
1973,VA,4901292
1973,WA,3478782
1973,WV,1806360
1973,WI,4524244
1973,WY,354061
1974,AL,3626499
1974,AK,341063
1974,AZ,2223196
1974,AR,2101403
1974,CA,21173865
1974,CO,2541406
1974,CT,3074047
1974,DE,581418
1974,DC,717947
1974,FL,8298762
1974,GA,4999419
1974,HI,867978
1974,ID,807990
1974,IL,11262145
1974,IN,5361890
1974,IA,2867530
1974,KS,2269499
1974,KY,3416315
1974,LA,3820109
1974,ME,1059040
1974,MD,4118815
1974,MA,5773548
1974,MI,9117507
1974,MN,3903925
1974,MS,2378268
1974,MO,4795930
1974,MT,736419
1974,NE,1539191
1974,NV,596822
1974,NH,815914
1974,NJ,7332411
1974,NM,1131309
1974,NY,18049775
1974,NC,5470911
1974,ND,634559
1974,OH,10765759
1974,OK,2734768
1974,OR,2285013
1974,PA,11870884
1974,RI,950615
1974,SC,2844749
1974,SD,679585
1974,TN,4213509
1974,TX,12268629
1974,UT,1200471
1974,VT,473002
1974,VA,4971069
1974,WA,3549946
1974,WV,1815447
1974,WI,4545782
1974,WY,365501
1975,AL,3678814
1975,AK,376170
1975,AZ,2284847
1975,AR,2159526
1975,CA,21537849
1975,CO,2586192
1975,CT,3082500
1975,DE,586589
1975,DC,706871
1975,FL,8518422
1975,GA,5064075
1975,HI,886160
1975,ID,831982
1975,IL,11291743
1975,IN,5365766
1975,IA,2880847
1975,KS,2280578
1975,KY,3467769
1975,LA,3886104
1975,ME,1071995
1975,MD,4139096
1975,MA,5757756
1975,MI,9117668
1975,MN,3932515
1975,MS,2399449
1975,MO,4808308
1975,MT,748208
1975,NE,1543117
1975,NV,619972
1975,NH,828555
1975,NJ,7337765
1975,NM,1159944
1975,NY,18003485
1975,NC,5547188
1975,ND,638886
1975,OH,10770425
1975,OK,2774683
1975,OR,2329661
1975,PA,11906095
1975,RI,942788
1975,SC,2902028
1975,SD,681042
1975,TN,4275566
1975,TX,12568843
1975,UT,1236030
1975,VT,479713
1975,VA,5047395
1975,WA,3621339
1975,WV,1842250
1975,WI,4578986
1975,WY,381695
1976,AL,3735139
1976,AK,400969
1976,AZ,2346157
1976,AR,2170161
1976,CA,21935909
1976,CO,2632306
1976,CT,3083335
1976,DE,590166
1976,DC,692295
1976,FL,8667379
1976,GA,5132812
1976,HI,904191
1976,ID,856983
1976,IL,11342853
1976,IN,5389088
1976,IA,2903082
1976,KS,2301001
1976,KY,3529257
1976,LA,3950605
1976,ME,1088412
1976,MD,4150539
1976,MA,5743672
1976,MI,9129205
1976,MN,3964680
1976,MS,2429756
1976,MO,4839029
1976,MT,757317
1976,NE,1550911
1976,NV,646975
1976,NH,845248
1976,NJ,7339745
1976,NM,1189295
1976,NY,17940541
1976,NC,5607964
1976,ND,645797
1976,OH,10752662
1976,OK,2826815
1976,OR,2378262
1976,PA,11897378
1976,RI,946089
1976,SC,2943657
1976,SD,686390
1976,TN,4346928
1976,TX,12904089
1976,UT,1274928
1976,VT,484928
1976,VA,5121863
1976,WA,3693610
1976,WV,1879503
1976,WI,4595904
1976,WY,396952
1977,AL,3780403
1977,AK,403436
1977,AZ,2425197
1977,AR,2209010
1977,CA,22352396
1977,CO,2696140
1977,CT,3085722
1977,DE,591829
1977,DC,677228
1977,FL,8856183
1977,GA,5219697
1977,HI,918259
1977,ID,883469
1977,IL,11386316
1977,IN,5425638
1977,IA,2913573
1977,KS,2320647
1977,KY,3573693
1977,LA,4014459
1977,ME,1103578
1977,MD,4169595
1977,MA,5738199
1977,MI,9171110
1977,MN,3989364
1977,MS,2459201
1977,MO,4863173
1977,MT,769953
1977,NE,1556842
1977,NV,678333
1977,NH,869763
1977,NJ,7337169
1977,NM,1215720
1977,NY,17812602
1977,NC,5685607
1977,ND,649769
1977,OH,10771394
1977,OK,2870014
1977,OR,2446673
1977,PA,11893591
1977,RI,950230
1977,SC,2991681
1977,SD,688480
1977,TN,4422921
1977,TX,13193050
1977,UT,1319512
1977,VT,491931
1977,VA,5193112
1977,WA,3776050
1977,WV,1908088
1977,WI,4626514
1977,WY,413354
1978,AL,3831836
1978,AK,404766
1978,AZ,2515316
1978,AR,2243127
1978,CA,22835958
1978,CO,2766748
1978,CT,3091627
1978,DE,594776
1978,DC,665052
1978,FL,9102032
1978,GA,5295751
1978,HI,931584
1978,ID,910690
1978,IL,11412561
1978,IN,5470214
1978,IA,2918069
1978,KS,2335657
1978,KY,3609976
1978,LA,4068579
1978,ME,1113566
1978,MD,4183603
1978,MA,5736469
1978,MI,9217761
1978,MN,4015341
1978,MS,2487816
1978,MO,4889399
1978,MT,782317
1978,NE,1563884
1978,NV,719436
1978,NH,891520
1978,NJ,7350804
1978,NM,1238034
1978,NY,17680589
1978,NC,5759492
1978,ND,651301
1978,OH,10795581
1978,OK,2917336
1978,OR,2518298
1978,PA,11879396
1978,RI,951816
1978,SC,3044364
1978,SD,688580
1978,TN,4486314
1978,TX,13500429
1978,UT,1367510
1978,VT,498109
1978,VA,5270240
1978,WA,3889073
1978,WV,1923395
1978,WI,4646108
1978,WY,432880
1979,AL,3866248
1979,AK,402753
1979,AZ,2635571
1979,AR,2271333
1979,CA,23256880
1979,CO,2849234
1979,CT,3095917
1979,DE,594984
1979,DC,650016
1979,FL,9426159
1979,GA,5401384
1979,HI,953306
1979,ID,932627
1979,IL,11396837
1979,IN,5501174
1979,IA,2915739
1979,KS,2350906
1979,KY,3641804
1979,LA,4137665
1979,ME,1122563
1979,MD,4191160
1979,MA,5738404
1979,MI,9266268
1979,MN,4050316
1979,MS,2507069
1979,MO,4912430
1979,MT,787305
1979,NE,1567344
1979,NV,765367
1979,NH,909074
1979,NJ,7366512
1979,NM,1284722
1979,NY,17583838
1979,NC,5823491
1979,ND,652896
1979,OH,10798298
1979,OK,2975310
1979,OR,2588012
1979,PA,11887975
1979,RI,950382
1979,SC,3090267
1979,SD,688335
1979,TN,4560473
1979,TX,13888371
1979,UT,1420238
1979,VT,505372
1979,VA,5307945
1979,WA,4017632
1979,WV,1942146
1979,WI,4682811
1979,WY,454378
1980,AL,3893888
1980,AK,401851
1980,AZ,2718215
1980,AR,2286435
1980,CA,23667902
1980,CO,2889964
1980,CT,3107576
1980,DE,594338
1980,DC,638333
1980,FL,9746324
1980,GA,5463105
1980,HI,964691
1980,ID,943935
1980,IL,11426518
1980,IN,5490224
1980,IA,2913808
1980,KS,2363679
1980,KY,3660777
1980,LA,4205900
1980,ME,1124660
1980,MD,4216975
1980,MA,5737037
1980,MI,9262078
1980,MN,4075970
1980,MS,2520638
1980,MO,4916686
1980,MT,786690
1980,NE,1569825
1980,NV,800493
1980,NH,920610
1980,NJ,7364823
1980,NM,1302894
1980,NY,17558072
1980,NC,5881766
1980,ND,652717
1980,OH,10797630
1980,OK,3025290
1980,OR,2633105
1980,PA,11863895
1980,RI,947154
1980,SC,3121820
1980,SD,690768
1980,TN,4591120
1980,TX,14229191
1980,UT,1461037
1980,VT,511456
1980,VA,5346818
1980,WA,4132156
1980,WV,1949644
1980,WI,4705767
1980,WY,469557
1981,AL,3918531
1981,AK,418491
1981,AZ,2810107
1981,AR,2293201
1981,CA,24285933
1981,CO,2977898
1981,CT,3128836
1981,DE,595975
1981,DC,636893
1981,FL,10192774
1981,GA,5568345
1981,HI,978195
1981,ID,962204
1981,IL,11443458
1981,IN,5480435
1981,IA,2907983
1981,KS,2384849
1981,KY,3670394
1981,LA,4283303
1981,ME,1133033
1981,MD,4261905
1981,MA,5768685
1981,MI,9209287
1981,MN,4111728
1981,MS,2539036
1981,MO,4932064
1981,MT,795328
1981,NE,1578515
1981,NV,847655
1981,NH,936621
1981,NJ,7407472
1981,NM,1332748
1981,NY,17567734
1981,NC,5956653
1981,ND,659505
1981,OH,10788330
1981,OK,3096164
1981,OR,2667982
1981,PA,11858567
1981,RI,953013
1981,SC,3179255
1981,SD,689584
1981,TN,4627658
1981,TX,14746318
1981,UT,1515471
1981,VT,515594
1981,VA,5444097
1981,WA,4235731
1981,WV,1954124
1981,WI,4726343
1981,WY,491712
1982,AL,3925266
1982,AK,449606
1982,AZ,2889861
1982,AR,2294257
1982,CA,24820009
1982,CO,3061564
1982,CT,3139013
1982,DE,599148
1982,DC,634174
1982,FL,10471407
1982,GA,5649792
1982,HI,993780
1982,ID,973721
1982,IL,11423412
1982,IN,5467922
1982,IA,2888189
1982,KS,2401202
1982,KY,3683445
1982,LA,4352608
1982,ME,1136684
1982,MD,4282923
1982,MA,5771222
1982,MI,9115198
1982,MN,4131450
1982,MS,2556777
1982,MO,4929451
1982,MT,803986
1982,NE,1581780
1982,NV,881537
1982,NH,947719
1982,NJ,7430968
1982,NM,1363823
1982,NY,17589738
1982,NC,6019101
1982,ND,668972
1982,OH,10757087
1982,OK,3206123
1982,OR,2664922
1982,PA,11845146
1982,RI,954170
1982,SC,3207614
1982,SD,690597
1982,TN,4646041
1982,TX,15331415
1982,UT,1558314
1982,VT,519109
1982,VA,5492783
1982,WA,4276552
1982,WV,1949604
1982,WI,4728870
1982,WY,506400
1983,AL,3934102
1983,AK,488417
1983,AZ,2968925
1983,AR,2305761
1983,CA,25360026
1983,CO,3133630
1983,CT,3162354
1983,DE,605458
1983,DC,632433
1983,FL,10749851
1983,GA,5728250
1983,HI,1012717
1983,ID,981869
1983,IL,11408818
1983,IN,5450395
1983,IA,2870543
1983,KS,2415531
1983,KY,3694484
1983,LA,4395316
1983,ME,1144772
1983,MD,4313327
1983,MA,5799407
1983,MI,9047754
1983,MN,4141456
1983,MS,2567717
1983,MO,4943733
1983,MT,814031
1983,NE,1584293
1983,NV,901977
1983,NH,958134
1983,NJ,7467785
1983,NM,1394361
1983,NY,17686905
1983,NC,6077056
1983,ND,676688
1983,OH,10737632
1983,OK,3290402
1983,OR,2653066
1983,PA,11837723
1983,RI,956382
1983,SC,3234066
1983,SD,693008
1983,TN,4659749
1983,TX,15751676
1983,UT,1594943
1983,VT,523302
1983,VA,5564657
1983,WA,4300266
1983,WV,1945061
1983,WI,4721438
1983,WY,510345
1984,AL,3951820
1984,AK,513702
1984,AZ,3067135
1984,AR,2319768
1984,CA,25844393
1984,CO,3169992
1984,CT,3180014
1984,DE,611565
1984,DC,633382
1984,FL,11039925
1984,GA,5834954
1984,HI,1027922
1984,ID,990839
1984,IL,11412132
1984,IN,5458322
1984,IA,2858618
1984,KS,2424086
1984,KY,3695453
1984,LA,4400477
1984,ME,1155635
1984,MD,4365243
1984,MA,5840773
1984,MI,9049452
1984,MN,4157706
1984,MS,2578051
1984,MO,4975278
1984,MT,820905
1984,NE,1588639
1984,NV,924922
1984,NH,976864
1984,NJ,7515473
1984,NM,1416717
1984,NY,17745684
1984,NC,6164006
1984,ND,680497
1984,OH,10737746
1984,OK,3285533
1984,OR,2666588
1984,PA,11815172
1984,RI,961894
1984,SC,3271868
1984,SD,697249
1984,TN,4686737
1984,TX,16007086
1984,UT,1622342
1984,VT,526660
1984,VA,5643870
1984,WA,4343656
1984,WV,1927697
1984,WI,4735563
1984,WY,504896
1985,AL,3972523
1985,AK,532495
1985,AZ,3183538
1985,AR,2327046
1985,CA,26441109
1985,CO,3208723
1985,CT,3201131
1985,DE,618280
1985,DC,634549
1985,FL,11351118
1985,GA,5962661
1985,HI,1039698
1985,ID,994051
1985,IL,11399806
1985,IN,5459211
1985,IA,2829684
1985,KS,2427405
1985,KY,3694826
1985,LA,4408118
1985,ME,1162936
1985,MD,4413071
1985,MA,5880733
1985,MI,9076293
1985,MN,4184302
1985,MS,2588102
1985,MO,5000268
1985,MT,822320
1985,NE,1584664
1985,NV,951030
1985,NH,996753
1985,NJ,7565528
1985,NM,1438361
1985,NY,17791672
1985,NC,6253954
1985,ND,676980
1985,OH,10734926
1985,OK,3271332
1985,OR,2672652
1985,PA,11770862
1985,RI,968955
1985,SC,3303209
1985,SD,698402
1985,TN,4715296
1985,TX,16272734
1985,UT,1642910
1985,VT,530035
1985,VA,5715153
1985,WA,4400098
1985,WV,1906831
1985,WI,4747767
1985,WY,499695
1986,AL,3991569
1986,AK,544268
1986,AZ,3308262
1986,AR,2331984
1986,CA,27102237
1986,CO,3237450
1986,CT,3223740
1986,DE,627559
1986,DC,638269
1986,FL,11667505
1986,GA,6084666
1986,HI,1051762
1986,ID,990224
1986,IL,11387257
1986,IN,5454108
1986,IA,2791970
1986,KS,2432619
1986,KY,3687809
1986,LA,4406919
1986,ME,1170126
1986,MD,4486957
1986,MA,5902678
1986,MI,9127775
1986,MN,4205212
1986,MS,2593597
1986,MO,5023068
1986,MT,813739
1986,NE,1574333
1986,NV,980613
1986,NH,1025053
1986,NJ,7622159
1986,NM,1462729
1986,NY,17833419
1986,NC,6321578
1986,ND,669512
1986,OH,10730268
1986,OK,3252735
1986,OR,2683528
1986,PA,11782752
1986,RI,977341
1986,SC,3342758
1986,SD,696034
1986,TN,4738708
1986,TX,16561113
1986,UT,1662834
1986,VT,534066
1986,VA,5811700
1986,WA,4452720
1986,WV,1882350
1986,WI,4755618
1986,WY,495633
1987,AL,4015264
1987,AK,539309
1987,AZ,3437103
1987,AR,2342355
1987,CA,27777158
1987,CO,3260480
1987,CT,3247291
1987,DE,636947
1987,DC,636930
1987,FL,11997283
1987,GA,6208467
1987,HI,1067918
1987,ID,984997
1987,IL,11391178
1987,IN,5473012
1987,IA,2767011
1987,KS,2445367
1987,KY,3683329
1987,LA,4344148
1987,ME,1184574
1987,MD,4565557
1987,MA,5935204
1987,MI,9187481
1987,MN,4235136
1987,MS,2588545
1987,MO,5056696
1987,MT,805063
1987,NE,1566547
1987,NV,1023376
1987,NH,1054289
1987,NJ,7670742
1987,NM,1478520
1987,NY,17868848
1987,NC,6403700
1987,ND,661136
1987,OH,10760090
1987,OK,3210122
1987,OR,2700991
1987,PA,11810866
1987,RI,989604
1987,SC,3380506
1987,SD,696036
1987,TN,4782927
1987,TX,16621791
1987,UT,1678119
1987,VT,540267
1987,VA,5932268
1987,WA,4531901
1987,WV,1857585
1987,WI,4777919
1987,WY,476965
1988,AL,4023844
1988,AK,541983
1988,AZ,3535183
1988,AR,2342656
1988,CA,28464249
1988,CO,3262281
1988,CT,3271953
1988,DE,647622
1988,DC,630432
1988,FL,12306395
1988,GA,6316142
1988,HI,1079828
1988,ID,985664
1988,IL,11390183
1988,IN,5491735
1988,IA,2768388
1988,KS,2461996
1988,KY,3679999
1988,LA,4288863
1988,ME,1203840
1988,MD,4657904
1988,MA,5979982
1988,MI,9217998
1988,MN,4296166
1988,MS,2580352
1988,MO,5081736
1988,MT,800202
1988,NE,1571477
1988,NV,1075022
1988,NH,1082577
1988,NJ,7712333
1988,NM,1490337
1988,NY,17941309
1988,NC,6480594
1988,ND,655331
1988,OH,10798552
1988,OK,3167057
1988,OR,2741297
1988,PA,11845752
1988,RI,996408
1988,SC,3412096
1988,SD,698165
1988,TN,4822437
1988,TX,16667022
1988,UT,1689372
1988,VT,549763
1988,VA,6036909
1988,WA,4639893
1988,WV,1830215
1988,WI,4822388
1988,WY,465101
1989,AL,4030222
1989,AK,547159
1989,AZ,3622185
1989,AR,2346358
1989,CA,29218164
1989,CO,3275818
1989,CT,3283403
1989,DE,658273
1989,DC,624168
1989,FL,12637715
1989,GA,6411099
1989,HI,1094588
1989,ID,994416
1989,IL,11409782
1989,IN,5523693
1989,IA,2770592
1989,KS,2472849
1989,KY,3677306
1989,LA,4252894
1989,ME,1219961
1989,MD,4727301
1989,MA,6015478
1989,MI,9253295
1989,MN,4338057
1989,MS,2574269
1989,MO,5095830
1989,MT,799636
1989,NE,1574864
1989,NV,1137382
1989,NH,1104522
1989,NJ,7726089
1989,NM,1503901
1989,NY,17983086
1989,NC,6565459
1989,ND,646351
1989,OH,10829217
1989,OK,3150307
1989,OR,2790575
1989,PA,11865996
1989,RI,1000666
1989,SC,3456775
1989,SD,696701
1989,TN,4854444
1989,TX,16806735
1989,UT,1705864
1989,VT,557707
1989,VA,6120246
1989,WA,4746316
1989,WV,1806568
1989,WI,4856574
1989,WY,458374
1990,AL,4040587
1990,AK,550043
1990,AZ,3665228
1990,AR,2350725
1990,CA,29760021
1990,CO,3294394
1990,CT,3287116
1990,DE,666168
1990,DC,606900
1990,FL,12937926
1990,GA,6478216
1990,HI,1108229
1990,ID,1006749
1990,IL,11430602
1990,IN,5544159
1990,IA,2776755
1990,KS,2477574
1990,KY,3685296
1990,LA,4219973
1990,ME,1227928
1990,MD,4781468
1990,MA,6016425
1990,MI,9295297
1990,MN,4375099
1990,MS,2573216
1990,MO,5117073
1990,MT,799065
1990,NE,1578385
1990,NV,1201833
1990,NH,1109252
1990,NJ,7730188
1990,NM,1515069
1990,NY,17990455
1990,NC,6628637
1990,ND,638800
1990,OH,10847115
1990,OK,3145585
1990,OR,2842321
1990,PA,11881643
1990,RI,1003464
1990,SC,3486703
1990,SD,696004
1990,TN,4877185
1990,TX,16986510
1990,UT,1722850
1990,VT,562758
1990,VA,6187358
1990,WA,4866692
1990,WV,1793477
1990,WI,4891769
1990,WY,453588
1991,AL,4050055
1991,AK,553290
1991,AZ,3684097
1991,AR,2356586
1991,CA,29959515
1991,CO,3307618
1991,CT,3291967
1991,DE,669567
1991,DC,605321
1991,FL,13033307
1991,GA,6512602
1991,HI,1113491
1991,ID,1012384
1991,IL,11453316
1991,IN,5557798
1991,IA,2781018
1991,KS,2481349
1991,KY,3694048
1991,LA,4221532
1991,ME,1231719
1991,MD,4799770
1991,MA,6022639
1991,MI,9311319
1991,MN,4389857
1991,MS,2578897
1991,MO,5128880
1991,MT,800204
1991,NE,1581660
1991,NV,1220695
1991,NH,1112384
1991,NJ,7762963
1991,NM,1521574
1991,NY,18020784
1991,NC,6664016
1991,ND,637685
1991,OH,10864162
1991,OK,3148825
1991,OR,2860375
1991,PA,11903299
1991,RI,1005995
1991,SC,3501155
1991,SD,697101
1991,TN,4894492
1991,TX,17056755
1991,UT,1731223
1991,VT,564798
1991,VA,6216884
1991,WA,4903043
1991,WV,1792548
1991,WI,4904562
1991,WY,453690
1992,AL,4154014
1992,AK,588736
1992,AZ,3915740
1992,AR,2415984
1992,CA,30974659
1992,CO,3495939
1992,CT,3300712
1992,DE,694925
1992,DC,597565
1992,FL,13650553
1992,GA,6817203
1992,HI,1158613
1992,ID,1071685
1992,IL,11694184
1992,IN,5674547
1992,IA,2818401
1992,KS,2532394
1992,KY,3765469
1992,LA,4293003
1992,ME,1238508
1992,MD,4923368
1992,MA,6028709
1992,MI,9479065
1992,MN,4495572
1992,MS,2623734
1992,MO,5217101
1992,MT,825770
1992,NE,1611687
1992,NV,1351367
1992,NH,1117784
1992,NJ,7880508
1992,NM,1595442
1992,NY,18246653
1992,NC,6897214
1992,ND,638223
1992,OH,11029431
1992,OK,3220517
1992,OR,2991755
1992,PA,12049450
1992,RI,1012581
1992,SC,3620464
1992,SD,712801
1992,TN,5049742
1992,TX,17759738
1992,UT,1836799
1992,VT,572751
1992,VA,6414307
1992,WA,5160757
1992,WV,1806451
1992,WI,5025398
1992,WY,466251
1993,AL,4214202
1993,AK,599432
1993,AZ,4065440
1993,AR,2456303
1993,CA,31274928
1993,CO,3613734
1993,CT,3309175
1993,DE,706378
1993,DC,595301
1993,FL,13927185
1993,GA,6978240
1993,HI,1172838
1993,ID,1108768
1993,IL,11809579
1993,IN,5739019
1993,IA,2836972
1993,KS,2556547
1993,KY,3812206
1993,LA,4316428
1993,ME,1242302
1993,MD,4971889
1993,MA,6060569
1993,MI,9540114
1993,MN,4555954
1993,MS,2655100
1993,MO,5271175
1993,MT,844761
1993,NE,1625590
1993,NV,1411215
1993,NH,1129458
1993,NJ,7948915
1993,NM,1636453
1993,NY,18374954
1993,NC,7042818
1993,ND,641216
1993,OH,11101140
1993,OK,3252285
1993,OR,3060367
1993,PA,12119724
1993,RI,1015112
1993,SC,3663314
1993,SD,722159
1993,TN,5137584
1993,TX,18161612
1993,UT,1898404
1993,VT,577748
1993,VA,6509630
1993,WA,5278842
1993,WV,1817539
1993,WI,5084889
1993,WY,473081
1994,AL,4260229
1994,AK,603308
1994,AZ,4245089
1994,AR,2494019
1994,CA,31484435
1994,CO,3724168
1994,CT,3316121
1994,DE,717545
1994,DC,589239
1994,FL,14239444
1994,GA,7157165
1994,HI,1187536
1994,ID,1145140
1994,IL,11912585
1994,IN,5793526
1994,IA,2850746
1994,KS,2580513
1994,KY,3849088
1994,LA,4347481
1994,ME,1242662
1994,MD,5023060
1994,MA,6095241
1994,MI,9597737
1994,MN,4610355
1994,MS,2688992
1994,MO,5324497
1994,MT,861306
1994,NE,1639041
1994,NV,1499298
1994,NH,1142560
1994,NJ,8014306
1994,NM,1682398
1994,NY,18459470
1994,NC,7187398
1994,ND,644804
1994,OH,11152454
1994,OK,3280940
1994,OR,3121264
1994,PA,12166050
1994,RI,1015960
1994,SC,3705397
1994,SD,730790
1994,TN,5231438
1994,TX,18564062
1994,UT,1960446
1994,VT,583836
1994,VA,6593139
1994,WA,5375161
1994,WV,1820421
1994,WI,5133678
1994,WY,480283
1995,AL,4296800
1995,AK,604412
1995,AZ,4432499
1995,AR,2535399
1995,CA,31696582
1995,CO,3826653
1995,CT,3324144
1995,DE,729734
1995,DC,580517
1995,FL,14537875
1995,GA,7328413
1995,HI,1196854
1995,ID,1177322
1995,IL,12008437
1995,IN,5851459
1995,IA,2867373
1995,KS,2601007
1995,KY,3887427
1995,LA,4378779
1995,ME,1243480
1995,MD,5070033
1995,MA,6141445
1995,MI,9676211
1995,MN,4660180
1995,MS,2722659
1995,MO,5378247
1995,MT,876553
1995,NE,1656992
1995,NV,1581578
1995,NH,1157561
1995,NJ,8083242
1995,NM,1720394
1995,NY,18524104
1995,NC,7344674
1995,ND,647832
1995,OH,11202751
1995,OK,3308208
1995,OR,3184369
1995,PA,12198403
1995,RI,1017002
1995,SC,3748582
1995,SD,737925
1995,TN,5326936
1995,TX,18958751
1995,UT,2014177
1995,VT,589002
1995,VA,6670693
1995,WA,5481027
1995,WV,1823700
1995,WI,5184836
1995,WY,485160
1996,AL,4331102
1996,AK,608569
1996,AZ,4586940
1996,AR,2572109
1996,CA,32018834
1996,CO,3919972
1996,CT,3336685
1996,DE,740977
1996,DC,572377
1996,FL,14853360
1996,GA,7501069
1996,HI,1203755
1996,ID,1203083
1996,IL,12101997
1996,IN,5906013
1996,IA,2880000
1996,KS,2614554
1996,KY,3919535
1996,LA,4398877
1996,ME,1249060
1996,MD,5111986
1996,MA,6179756
1996,MI,9758645
1996,MN,4712827
1996,MS,2748085
1996,MO,5431553
1996,MT,886254
1996,NE,1673740
1996,NV,1666320
1996,NH,1174719
1996,NJ,8149596
1996,NM,1752326
1996,NY,18588460
1996,NC,7500670
1996,ND,650382
1996,OH,11242827
1996,OK,3340129
1996,OR,3247111
1996,PA,12220464
1996,RI,1020893
1996,SC,3796200
1996,SD,742213
1996,TN,5416643
1996,TX,19340342
1996,UT,2067976
1996,VT,593701
1996,VA,6750884
1996,WA,5569753
1996,WV,1822808
1996,WI,5229986
1996,WY,488167
1997,AL,4367935
1997,AK,612968
1997,AZ,4736990
1997,AR,2601090
1997,CA,32486010
1997,CO,4018293
1997,CT,3349348
1997,DE,751487
1997,DC,567736
1997,FL,15186304
1997,GA,7685099
1997,HI,1211640
1997,ID,1228520
1997,IL,12185715
1997,IN,5955267
1997,IA,2891119
1997,KS,2635292
1997,KY,3952747
1997,LA,4421071
1997,ME,1254774
1997,MD,5157328
1997,MA,6226058
1997,MI,9809051
1997,MN,4763390
1997,MS,2777004
1997,MO,5481193
1997,MT,889865
1997,NE,1686418
1997,NV,1764104
1997,NH,1189425
1997,NJ,8218808
1997,NM,1774839
1997,NY,18656546
1997,NC,7656825
1997,ND,649716
1997,OH,11277357
1997,OK,3372917
1997,OR,3304310
1997,PA,12227814
1997,RI,1025353
1997,SC,3859696
1997,SD,744223
1997,TN,5499233
1997,TX,19740317
1997,UT,2119784
1997,VT,597239
1997,VA,6829183
1997,WA,5674747
1997,WV,1819113
1997,WI,5266213
1997,WY,489451
1998,AL,4404701
1998,AK,619932
1998,AZ,4883342
1998,AR,2626289
1998,CA,32987675
1998,CO,4116639
1998,CT,3365352
1998,DE,763335
1998,DC,565230
1998,FL,15486559
1998,GA,7863536
1998,HI,1215233
1998,ID,1252330
1998,IL,12271847
1998,IN,5998880
1998,IA,2902872
1998,KS,2660598
1998,KY,3985390
1998,LA,4440344
1998,ME,1259127
1998,MD,5204464
1998,MA,6271838
1998,MI,9847942
1998,MN,4813412
1998,MS,2804834
1998,MO,5521765
1998,MT,892431
1998,NE,1695816
1998,NV,1853191
1998,NH,1205940
1998,NJ,8287418
1998,NM,1793484
1998,NY,18755906
1998,NC,7809121
1998,ND,647532
1998,OH,11311536
1998,OK,3405194
1998,OR,3352449
1998,PA,12245672
1998,RI,1031155
1998,SC,3919235
1998,SD,746058
1998,TN,5570045
1998,TX,20157531
1998,UT,2165960
1998,VT,600416
1998,VA,6900918
1998,WA,5769562
1998,WV,1815609
1998,WI,5297672
1998,WY,490787
1999,AL,4430141
1999,AK,624779
1999,AZ,5023823
1999,AR,2651860
1999,CA,33499204
1999,CO,4226018
1999,CT,3386401
1999,DE,774990
1999,DC,570213
1999,FL,15759421
1999,GA,8045965
1999,HI,1210300
1999,ID,1275674
1999,IL,12359020
1999,IN,6044969
1999,IA,2917634
1999,KS,2678338
1999,KY,4018053
1999,LA,4460811
1999,ME,1266808
1999,MD,5254509
1999,MA,6317345
1999,MI,9897116
1999,MN,4873481
1999,MS,2828408
1999,MO,5561948
1999,MT,897507
1999,NE,1704764
1999,NV,1934718
1999,NH,1222014
1999,NJ,8359592
1999,NM,1808082
1999,NY,18882725
1999,NC,7949361
1999,ND,644259
1999,OH,11335454
1999,OK,3437147
1999,OR,3393941
1999,PA,12263805
1999,RI,1040402
1999,SC,3974682
1999,SD,750412
1999,TN,5638706
1999,TX,20558220
1999,UT,2203482
1999,VT,604683
1999,VA,7000174
1999,WA,5842564
1999,WV,1811799
1999,WI,5332666
1999,WY,491780
2000,AL,4452173
2000,AK,627963
2000,AZ,5160586
2000,AR,2678588
2000,CA,33987977
2000,CO,4326921
2000,CT,3411777
2000,DE,786373
2000,DC,572046
2000,FL,16047515
2000,GA,8227303
2000,HI,1213519
2000,ID,1299430
2000,IL,12434161
2000,IN,6091866
2000,IA,2929067
2000,KS,2693681
2000,KY,4049021
2000,LA,4471885
2000,ME,1277072
2000,MD,5311034
2000,MA,6361104
2000,MI,9952450
2000,MN,4933692
2000,MS,2848353
2000,MO,5607285
2000,MT,903773
2000,NE,1713820
2000,NV,2018741
2000,NH,1239882
2000,NJ,8430621
2000,NM,1821204
2000,NY,19001780
2000,NC,8081614
2000,ND,642023
2000,OH,11363543
2000,OK,3454365
2000,OR,3429708
2000,PA,12284173
2000,RI,1050268
2000,SC,4024223
2000,SD,755844
2000,TN,5703719
2000,TX,20944499
2000,UT,2244502
2000,VT,609618
2000,VA,7105817
2000,WA,5910512
2000,WV,1807021
2000,WI,5373999
2000,WY,494300
2001,AL,4467634
2001,AK,633714
2001,AZ,5273477
2001,AR,2691571
2001,CA,34479458
2001,CO,4425687
2001,CT,3432835
2001,DE,795699
2001,DC,574504
2001,FL,16356966
2001,GA,8377038
2001,HI,1225948
2001,ID,1319962
2001,IL,12488445
2001,IN,6127760
2001,IA,2931997
2001,KS,2702162
2001,KY,4068132
2001,LA,4477875
2001,ME,1285692
2001,MD,5374691
2001,MA,6397634
2001,MI,9991120
2001,MN,4982796
2001,MS,2852994
2001,MO,5641142
2001,MT,906961
2001,NE,1719836
2001,NV,2098399
2001,NH,1255517
2001,NJ,8492671
2001,NM,1831690
2001,NY,19082838
2001,NC,8210122
2001,ND,639062
2001,OH,11387404
2001,OK,3467100
2001,OR,3467937
2001,PA,12298970
2001,RI,1057142
2001,SC,4064995
2001,SD,757972
2001,TN,5750789
2001,TX,21319622
2001,UT,2283715
2001,VT,612223
2001,VA,7198362
2001,WA,5985722
2001,WV,1801481
2001,WI,5406835
2001,WY,494657
2002,AL,4480089
2002,AK,642337
2002,AZ,5396255
2002,AR,2705927
2002,CA,34871843
2002,CO,4490406
2002,CT,3458749
2002,DE,806169
2002,DC,573158
2002,FL,16689370
2002,GA,8508256
2002,HI,1239613
2002,ID,1340372
2002,IL,12525556
2002,IN,6155967
2002,IA,2934234
2002,KS,2713535
2002,KY,4089875
2002,LA,4497267
2002,ME,1295960
2002,MD,5440389
2002,MA,6417206
2002,MI,10015710
2002,MN,5018935
2002,MS,2858681
2002,MO,5674825
2002,MT,911667
2002,NE,1728292
2002,NV,2173791
2002,NH,1269089
2002,NJ,8552643
2002,NM,1855309
2002,NY,19137800
2002,NC,8326201
2002,ND,638168
2002,OH,11407889
2002,OK,3489080
2002,OR,3513424
2002,PA,12331031
2002,RI,1065995
2002,SC,4107795
2002,SD,760020
2002,TN,5795918
2002,TX,21690325
2002,UT,2324815
2002,VT,615442
2002,VA,7286873
2002,WA,6052349
2002,WV,1805414
2002,WI,5445162
2002,WY,500017
2003,AL,4503491
2003,AK,648414
2003,AZ,5510364
2003,AR,2724816
2003,CA,35253159
2003,CO,4528732
2003,CT,3484336
2003,DE,818003
2003,DC,568502
2003,FL,17004085
2003,GA,8622793
2003,HI,1251154
2003,ID,1363380
2003,IL,12556006
2003,IN,6196638
2003,IA,2941999
2003,KS,2723004
2003,KY,4117170
2003,LA,4521042
2003,ME,1306513
2003,MD,5496269
2003,MA,6422565
2003,MI,10041152
2003,MN,5053572
2003,MS,2868312
2003,MO,5709403
2003,MT,919630
2003,NE,1738643
2003,NV,2248850
2003,NH,1279840
2003,NJ,8601402
2003,NM,1877574
2003,NY,19175939
2003,NC,8422501
2003,ND,638817
2003,OH,11434788
2003,OK,3504892
2003,OR,3547376
2003,PA,12374658
2003,RI,1071342
2003,SC,4150297
2003,SD,763729
2003,TN,5847812
2003,TX,22030931
2003,UT,2360137
2003,VT,617858
2003,VA,7366977
2003,WA,6104115
2003,WV,1812295
2003,WI,5479203
2003,WY,503453
2004,AL,4530729
2004,AK,659286
2004,AZ,5652404
2004,AR,2749686
2004,CA,35574576
2004,CO,4575013
2004,CT,3496094
2004,DE,830803
2004,DC,567754
2004,FL,17415318
2004,GA,8769252
2004,HI,1273569
2004,ID,1391802
2004,IL,12589773
2004,IN,6233007
2004,IA,2953635
2004,KS,2734373
2004,KY,4146101
2004,LA,4552238
2004,ME,1313688
2004,MD,5546935
2004,MA,6412281
2004,MI,10055315
2004,MN,5087713
2004,MS,2889010
2004,MO,5747741
2004,MT,930009
2004,NE,1749370
2004,NV,2346222
2004,NH,1290121
2004,NJ,8634561
2004,NM,1903808
2004,NY,19171567
2004,NC,8553152
2004,ND,644705
2004,OH,11452251
2004,OK,3525233
2004,OR,3569463
2004,PA,12410722
2004,RI,1074579
2004,SC,4210921
2004,SD,770396
2004,TN,5910809
2004,TX,22394023
2004,UT,2401580
2004,VT,619920
2004,VA,7475575
2004,WA,6178645
2004,WV,1816438
2004,WI,5514026
2004,WY,509106
2005,AL,4569805
2005,AK,666946
2005,AZ,5839077
2005,AR,2781097
2005,CA,35827943
2005,CO,4631888
2005,CT,3506956
2005,DE,845150
2005,DC,567136
2005,FL,17842038
2005,GA,8925922
2005,HI,1292729
2005,ID,1428241
2005,IL,12609903
2005,IN,6278616
2005,IA,2964454
2005,KS,2745299
2005,KY,4182742
2005,LA,4576628
2005,ME,1318787
2005,MD,5592379
2005,MA,6403290
2005,MI,10051137
2005,MN,5119598
2005,MS,2905943
2005,MO,5790300
2005,MT,940102
2005,NE,1761497
2005,NV,2432143
2005,NH,1298492
2005,NJ,8651974
2005,NM,1932274
2005,NY,19132610
2005,NC,8705407
2005,ND,646089
2005,OH,11463320
2005,OK,3548597
2005,OR,3613202
2005,PA,12449990
2005,RI,1067916
2005,SC,4270150
2005,SD,775493
2005,TN,5991057
2005,TX,22778123
2005,UT,2457719
2005,VT,621215
2005,VA,7577105
2005,WA,6257305
2005,WV,1820492
2005,WI,5546166
2005,WY,514157
2006,AL,4628981
2006,AK,675302
2006,AZ,6029141
2006,AR,2821761
2006,CA,36021202
2006,CO,4720423
2006,CT,3517460
2006,DE,859268
2006,DC,570681
2006,FL,18166990
2006,GA,9155813
2006,HI,1309731
2006,ID,1468669
2006,IL,12643955
2006,IN,6332669
2006,IA,2982644
2006,KS,2762931
2006,KY,4219239
2006,LA,4302665
2006,ME,1323619
2006,MD,5627367
2006,MA,6410084
2006,MI,10036081
2006,MN,5163555
2006,MS,2904978
2006,MO,5842704
2006,MT,952692
2006,NE,1772693
2006,NV,2522658
2006,NH,1308389
2006,NJ,8661679
2006,NM,1962137
2006,NY,19104631
2006,NC,8917270
2006,ND,649422
2006,OH,11481213
2006,OK,3594090
2006,OR,3670883
2006,PA,12510809
2006,RI,1063096
2006,SC,4357847
2006,SD,783033
2006,TN,6088766
2006,TX,23359580
2006,UT,2525507
2006,VT,622892
2006,VA,7673725
2006,WA,6370753
2006,WV,1827912
2006,WI,5577655
2006,WY,522667
2007,AL,4672840
2007,AK,680300
2007,AZ,6167681
2007,AR,2848650
2007,CA,36250311
2007,CO,4803868
2007,CT,3527270
2007,DE,871749
2007,DC,574404
2007,FL,18367842
2007,GA,9349988
2007,HI,1315675
2007,ID,1505105
2007,IL,12695866
2007,IN,6379599
2007,IA,2999212
2007,KS,2783785
2007,KY,4256672
2007,LA,4375581
2007,ME,1327040
2007,MD,5653408
2007,MA,6431559
2007,MI,10001284
2007,MN,5207203
2007,MS,2928350
2007,MO,5887612
2007,MT,964706
2007,NE,1783440
2007,NV,2601072
2007,NH,1312540
2007,NJ,8677885
2007,NM,1990070
2007,NY,19132335
2007,NC,9118037
2007,ND,652822
2007,OH,11500468
2007,OK,3634349
2007,OR,3722417
2007,PA,12563937
2007,RI,1057315
2007,SC,4444110
2007,SD,791623
2007,TN,6175727
2007,TX,23831983
2007,UT,2597746
2007,VT,623481
2007,VA,7751000
2007,WA,6461587
2007,WV,1834052
2007,WI,5610775
2007,WY,534876
2008,AL,4718206
2008,AK,687455
2008,AZ,6280362
2008,AR,2874554
2008,CA,36604337
2008,CO,4889730
2008,CT,3545579
2008,DE,883874
2008,DC,580236
2008,FL,18527305
2008,GA,9504843
2008,HI,1332213
2008,ID,1534320
2008,IL,12747038
2008,IN,6424806
2008,IA,3016734
2008,KS,2808076
2008,KY,4289878
2008,LA,4435586
2008,ME,1330509
2008,MD,5684965
2008,MA,6468967
2008,MI,9946889
2008,MN,5247018
2008,MS,2947806
2008,MO,5923916
2008,MT,976415
2008,NE,1796378
2008,NV,2653630
2008,NH,1315906
2008,NJ,8711090
2008,NM,2010662
2008,NY,19212436
2008,NC,9309449
2008,ND,657569
2008,OH,11515391
2008,OK,3668976
2008,OR,3768748
2008,PA,12612285
2008,RI,1055003
2008,SC,4528996
2008,SD,799124
2008,TN,6247411
2008,TX,24309039
2008,UT,2663029
2008,VT,624151
2008,VA,7833496
2008,WA,6562231
2008,WV,1840310
2008,WI,5640996
2008,WY,546043
2009,AL,4757938
2009,AK,698895
2009,AZ,6343154
2009,AR,2896843
2009,CA,36961229
2009,CO,4972195
2009,CT,3561807
2009,DE,891730
2009,DC,592228
2009,FL,18652644
2009,GA,9620846
2009,HI,1346717
2009,ID,1554439
2009,IL,12796778
2009,IN,6459325
2009,IA,3032870
2009,KS,2832704
2009,KY,4317074
2009,LA,4491648
2009,ME,1329590
2009,MD,5730388
2009,MA,6517613
2009,MI,9901591
2009,MN,5281203
2009,MS,2958774
2009,MO,5961088
2009,MT,983982
2009,NE,1812683
2009,NV,2684665
2009,NH,1316102
2009,NJ,8755602
2009,NM,2036802
2009,NY,19307066
2009,NC,9449566
2009,ND,664968
2009,OH,11528896
2009,OK,3717572
2009,OR,3808600
2009,PA,12666858
2009,RI,1053646
2009,SC,4589872
2009,SD,807067
2009,TN,6306019
2009,TX,24801761
2009,UT,2723421
2009,VT,624817
2009,VA,7925937
2009,WA,6667426
2009,WV,1847775
2009,WI,5669264
2009,WY,559851
2010,AL,4779736
2010,AK,710231
2010,AZ,6392017
2010,AR,2915918
2010,CA,37253956
2010,CO,5029196
2010,CT,3574097
2010,DE,897934
2010,DC,601723
2010,FL,18801310
2010,GA,9687653
2010,HI,1360301
2010,ID,1567582
2010,IL,12830632
2010,IN,6483802
2010,IA,3046355
2010,KS,2853118
2010,KY,4339367
2010,LA,4533372
2010,ME,1328361
2010,MD,5773552
2010,MA,6547629
2010,MI,9883640
2010,MN,5303925
2010,MS,2967297
2010,MO,5988927
2010,MT,989415
2010,NE,1826341
2010,NV,2700551
2010,NH,1316470
2010,NJ,8791894
2010,NM,2059179
2010,NY,19378102
2010,NC,9535483
2010,ND,672591
2010,OH,11536504
2010,OK,3751351
2010,OR,3831074
2010,PA,12702379
2010,RI,1052567
2010,SC,4625364
2010,SD,814180
2010,TN,6346105
2010,TX,25145561
2010,UT,2763885
2010,VT,625741
2010,VA,8001024
2010,WA,6724540
2010,WV,1852994
2010,WI,5686986
2010,WY,563626
2011,AL,4799642
2011,AK,722349
2011,AZ,6473416
2011,AR,2941038
2011,CA,37636311
2011,CO,5121900
2011,CT,3588632
2011,DE,907590
2011,DC,620290
2011,FL,19055607
2011,GA,9803630
2011,HI,1379562
2011,ID,1584272
2011,IL,12867783
2011,IN,6517250
2011,IA,3066772
2011,KS,2869677
2011,KY,4370817
2011,LA,4576244
2011,ME,1328473
2011,MD,5840241
2011,MA,6614218
2011,MI,9883053
2011,MN,5346620
2011,MS,2979147
2011,MO,6011182
2011,MT,997518
2011,NE,1840914
2011,NV,2713114
2011,NH,1320444
2011,NJ,8828552
2011,NM,2080707
2011,NY,19499921
2011,NC,9658913
2011,ND,685526
2011,OH,11545735
2011,OK,3788824
2011,OR,3872672
2011,PA,12747052
2011,RI,1053829
2011,SC,4672655
2011,SD,823740
2011,TN,6400298
2011,TX,25645504
2011,UT,2814797
2011,VT,627197
2011,VA,8102437
2011,WA,6827479
2011,WV,1856606
2011,WI,5705840
2011,WY,567491
2012,AL,4816632
2012,AK,730810
2012,AZ,6556344
2012,AR,2952876
2012,CA,37944551
2012,CO,5193660
2012,CT,3595211
2012,DE,915518
2012,DC,635737
2012,FL,19302016
2012,GA,9903580
2012,HI,1395199
2012,ID,1595910
2012,IL,12883029
2012,IN,6538989
2012,IA,3076844
2012,KS,2886024
2012,KY,4387865
2012,LA,4602067
2012,ME,1328094
2012,MD,5888375
2012,MA,6664269
2012,MI,9898289
2012,MN,5377500
2012,MS,2984599
2012,MO,6026027
2012,MT,1004168
2012,NE,1853691
2012,NV,2744670
2012,NH,1324677
2012,NJ,8845671
2012,NM,2087715
2012,NY,19574362
2012,NC,9751810
2012,ND,702227
2012,OH,11550971
2012,OK,3819320
2012,OR,3900102
2012,PA,12769123
2012,RI,1054893
2012,SC,4719027
2012,SD,833859
2012,TN,6455752
2012,TX,26084120
2012,UT,2854146
2012,VT,626361
2012,VA,8187456
2012,WA,6898599
2012,WV,1857446
2012,WI,5720825
2012,WY,576656
2013,AL,4831586
2013,AK,737626
2013,AZ,6634690
2013,AR,2960459
2013,CA,38253768
2013,CO,5270774
2013,CT,3595792
2013,DE,924062
2013,DC,651559
2013,FL,19551678
2013,GA,9975592
2013,HI,1408822
2013,ID,1612053
2013,IL,12895778
2013,IN,6570575
2013,IA,3093935
2013,KS,2894306
2013,KY,4406906
2013,LA,4626040
2013,ME,1328543
2013,MD,5925197
2013,MA,6715158
2013,MI,9914802
2013,MN,5414722
2013,MS,2989839
2013,MO,6042989
2013,MT,1014158
2013,NE,1865813
2013,NV,2776956
2013,NH,1327272
2013,NJ,8857821
2013,NM,2092833
2013,NY,19626488
2013,NC,9846717
2013,ND,723149
2013,OH,11579692
2013,OK,3853891
2013,OR,3924110
2013,PA,12779538
2013,RI,1055560
2013,SC,4766469
2013,SD,842751
2013,TN,6496943
2013,TX,26479646
2013,UT,2898773
2013,VT,626603
2013,VA,8255861
2013,WA,6966252
2013,WV,1854768
2013,WI,5738012
2013,WY,582620
2014,AL,4843737
2014,AK,737075
2014,AZ,6732873
2014,AR,2968759
2014,CA,38586706
2014,CO,5352637
2014,CT,3595697
2014,DE,933131
2014,DC,663603
2014,FL,19853880
2014,GA,10071204
2014,HI,1415335
2014,ID,1632248
2014,IL,12885092
2014,IN,6596019
2014,IA,3110643
2014,KS,2901861
2014,KY,4416992
2014,LA,4645938
2014,ME,1331217
2014,MD,5960064
2014,MA,6764864
2014,MI,9932033
2014,MN,5452665
2014,MS,2991892
2014,MO,6059130
2014,MT,1022657
2014,NE,1879955
2014,NV,2818935
2014,NH,1334257
2014,NJ,8867277
2014,NM,2090236
2014,NY,19653431
2014,NC,9937295
2014,ND,738736
2014,OH,11606573
2014,OK,3879187
2014,OR,3965447
2014,PA,12792392
2014,RI,1056511
2014,SC,4826858
2014,SD,849670
2014,TN,6544617
2014,TX,26963092
2014,UT,2938327
2014,VT,625693
2014,VA,8315430
2014,WA,7057531
2014,WV,1850569
2014,WI,5753199
2014,WY,583159
2015,AL,4854803
2015,AK,738430
2015,AZ,6832810
2015,AR,2979732
2015,CA,38904296
2015,CO,5454328
2015,CT,3588561
2015,DE,942065
2015,DC,677014
2015,FL,20219111
2015,GA,10183353
2015,HI,1422999
2015,ID,1652495
2015,IL,12859585
2015,IN,6611442
2015,IA,3122541
2015,KS,2910717
2015,KY,4429126
2015,LA,4666998
2015,ME,1329098
2015,MD,5988528
2015,MA,6797484
2015,MI,9934483
2015,MN,5484002
2015,MS,2990231
2015,MO,6075411
2015,MT,1031495
2015,NE,1892059
2015,NV,2868531
2015,NH,1337480
2015,NJ,8870312
2015,NM,2090071
2015,NY,19657321
2015,NC,10037218
2015,ND,755537
2015,OH,11622315
2015,OK,3910518
2015,OR,4018542
2015,PA,12789838
2015,RI,1056886
2015,SC,4896006
2015,SD,854663
2015,TN,6595354
2015,TX,27468531
2015,UT,2983626
2015,VT,625810
2015,VA,8367303
2015,WA,7167287
2015,WV,1843332
2015,WI,5762927
2015,WY,586389
2016,AL,4866824
2016,AK,742575
2016,AZ,6944767
2016,AR,2991815
2016,CA,39149186
2016,CO,5543844
2016,CT,3579830
2016,DE,949989
2016,DC,687576
2016,FL,20627237
2016,GA,10308442
2016,HI,1428885
2016,ID,1684036
2016,IL,12821709
2016,IN,6637898
2016,IA,3133210
2016,KS,2912977
2016,KY,4440306
2016,LA,4681346
2016,ME,1332348
2016,MD,6007014
2016,MA,6827280
2016,MI,9954117
2016,MN,5525360
2016,MS,2990595
2016,MO,6091384
2016,MT,1042137
2016,NE,1906483
2016,NV,2919555
2016,NH,1343694
2016,NJ,8873584
2016,NM,2092555
2016,NY,19636391
2016,NC,10161802
2016,ND,756114
2016,OH,11640060
2016,OK,3928143
2016,OR,4093271
2016,PA,12788468
2016,RI,1057816
2016,SC,4963031
2016,SD,863693
2016,TN,6651277
2016,TX,27914064
2016,UT,3044241
2016,VT,624366
2016,VA,8417651
2016,WA,7299961
2016,WV,1832435
2016,WI,5775170
2016,WY,585243
2017,AL,4877989
2017,AK,740983
2017,AZ,7048088
2017,AR,3003855
2017,CA,39337785
2017,CO,5617421
2017,CT,3575324
2017,DE,957942
2017,DC,697079
2017,FL,20977089
2017,GA,10417031
2017,HI,1425763
2017,ID,1719745
2017,IL,12779893
2017,IN,6662068
2017,IA,3143734
2017,KS,2910892
2017,KY,4455590
2017,LA,4673673
2017,ME,1335743
2017,MD,6028186
2017,MA,6863560
2017,MI,9976752
2017,MN,5569283
2017,MS,2990674
2017,MO,6111382
2017,MT,1053862
2017,NE,1916998
2017,NV,2972097
2017,NH,1350395
2017,NJ,8888147
2017,NM,2092844
2017,NY,19593849
2017,NC,10275758
2017,ND,756755
2017,OH,11665706
2017,OK,3933602
2017,OR,4147294
2017,PA,12794679
2017,RI,1056554
2017,SC,5027102
2017,SD,873732
2017,TN,6714748
2017,TX,28291024
2017,UT,3103540
2017,VT,625132
2017,VA,8471011
2017,WA,7427951
2017,WV,1818683
2017,WI,5793147
2017,WY,579994
2018,AL,4891628
2018,AK,736624
2018,AZ,7164228
2018,AR,3012161
2018,CA,39437463
2018,CO,5697155
2018,CT,3574561
2018,DE,966985
2018,DC,704147
2018,FL,21254926
2018,GA,10519389
2018,HI,1423102
2018,ID,1752074
2018,IL,12724685
2018,IN,6698481
2018,IA,3149900
2018,KS,2912748
2018,KY,4464273
2018,LA,4664450
2018,ME,1340123
2018,MD,6042153
2018,MA,6885720
2018,MI,9987286
2018,MN,5608762
2018,MS,2982879
2018,MO,6125986
2018,MT,1061818
2018,NE,1925512
2018,NV,3030725
2018,NH,1355064
2018,NJ,8891730
2018,NM,2093754
2018,NY,19544098
2018,NC,10391358
2018,ND,760062
2018,OH,11680892
2018,OK,3943488
2018,OR,4183538
2018,PA,12809107
2018,RI,1059338
2018,SC,5091702
2018,SD,879386
2018,TN,6778180
2018,TX,28624564
2018,UT,3155153
2018,VT,624802
2018,VA,8510920
2018,WA,7526793
2018,WV,1805953
2018,WI,5809319
2018,WY,579054
2019,AL,4907965
2019,AK,733603
2019,AZ,7291843
2019,AR,3020985
2019,CA,39437610
2019,CO,5758486
2019,CT,3566022
2019,DE,976668
2019,DC,708253
2019,FL,21492056
2019,GA,10628020
2019,HI,1415615
2019,ID,1789060
2019,IL,12667017
2019,IN,6731010
2019,IA,3159596
2019,KS,2912635
2019,KY,4472345
2019,LA,4658285
2019,ME,1345770
2019,MD,6054954
2019,MA,6894883
2019,MI,9984795
2019,MN,5640053
2019,MS,2978227
2019,MO,6140475
2019,MT,1070123
2019,NE,1932571
2019,NV,3090771
2019,NH,1360783
2019,NJ,8891258
2019,NM,2099634
2019,NY,19463131
2019,NC,10501384
2019,ND,763724
2019,OH,11696507
2019,OK,3960676
2019,OR,4216116
2019,PA,12798883
2019,RI,1058158
2019,SC,5157702
2019,SD,887127
2019,TN,6830325
2019,TX,28986794
2019,UT,3203383
2019,VT,624046
2019,VA,8556642
2019,WA,7614024
2019,WV,1795263
2019,WI,5824581
2019,WY,580116
2020,AL,4920706
2020,AK,732074
2020,AZ,7393900
2020,AR,3029672
2020,CA,39418894
2020,CO,5798266
2020,CT,3561494
2020,DE,984899
2020,DC,712185
2020,FL,21688239
2020,GA,10695662
2020,HI,1410587
2020,ID,1818238
2020,IL,12615162
2020,IN,6752183
2020,IA,3164115
2020,KS,2915024
2020,KY,4477899
2020,LA,4650984
2020,ME,1349647
2020,MD,6059529
2020,MA,6898116
2020,MI,9976330
2020,MN,5655855
2020,MS,2971253
2020,MO,6151737
2020,MT,1078405
2020,NE,1937258
2020,NV,3128500
2020,NH,1365533
2020,NJ,8890883
2020,NM,2106117
2020,NY,19382373
2020,NC,10581885
2020,ND,765224
2020,OH,11699855
2020,OK,3977682
2020,OR,4237408
2020,PA,12794404
2020,RI,1058004
2020,SC,5205864
2020,SD,891688
2020,TN,6875939
2020,TX,29286467
2020,UT,3239542
2020,VT,623821
2020,VA,8587217
2020,WA,7678379
2020,WV,1788150
2020,WI,5833464
2020,WY,582030
2021,AL,4921532
2021,AK,731158
2021,AZ,7421401
2021,AR,3030522
2021,CA,39368078
2021,CO,5807719
2021,CT,3557006
2021,DE,986809
2021,DC,712816
2021,FL,21733312
2021,GA,10710017
2021,HI,1407006
2021,ID,1826913
2021,IL,12587530
2021,IN,6754953
2021,IA,3163561
2021,KS,2913805
2021,KY,4477251
2021,LA,4645318
2021,ME,1350141
2021,MD,6055802
2021,MA,6893574
2021,MI,9966555
2021,MN,5657342
2021,MS,2966786
2021,MO,6151548
2021,MT,1080577
2021,NE,1937552
2021,NV,3138259
2021,NH,1366275
2021,NJ,8882371
2021,NM,2106319
2021,NY,19336776
2021,NC,10600823
2021,ND,765309
2021,OH,11693217
2021,OK,3980783
2021,OR,4241507
2021,PA,12783254
2021,RI,1057125
2021,SC,5218040
2021,SD,892717
2021,TN,6886834
2021,TX,29360759
2021,UT,3249879
2021,VT,623347
2021,VA,8590563
2021,WA,7693612
2021,WV,1784787
2021,WI,5832655
2021,WY,582328